"ID","NAME","TEL","LOCATION","ID_CARD_NUMBER","EMAIL"
"31934013880724","赵八七","139000000087","CITY_DQ","230100202601080008","139000000087@139.com"
"31934013880725","赵八八","139000000088","CITY_SH","230100202601090008","139000000088@139.com"
"31934013880726","赵八九","139000000089","CITY_JX","230100202601100008","139000000089@139.com"
"31934013880727","赵九零","139000000090","CITY_MDJ","230100202601010009","139000000090@139.com"
"31934013880721","赵九一","139000000091","CITY_JMS","230100202601020009","139000000091@139.com"
"31934013880722","赵九二","139000000092","CITY_SH","230100202601030009","139000000092@139.com"
"31934013880723","赵九三","139000000093","CITY_HRB","230100202601040009","139000000093@139.com"
"31934013880724","赵九四","139000000094","CITY_QQHR","230100202601050009","139000000094@139.com"
"31934013880725","赵九五","139000000095","CITY_QQHR","230100202601060009","139000000095@139.com"
"31934013880726","赵九六","139000000096","CITY_HH","230100202601070009","139000000096@139.com"
"31934013880727","赵九七","139000000097","CITY_DQ","230100202601080009","139000000097@139.com"
"31934013880721","赵九八","139000000098","CITY_HRB","230100202601090009","139000000098@139.com"
"31934013880722","赵九九","139000000099","CITY_HRB","230100202601100009","139000000099@139.com"
"31934013880723","钱零零","139000000100","CITY_SYS","230100202601010010","139000000100@139.com"
"31934013880724","钱零一","139000000101","CITY_DXAL","230100202601020010","139000000101@139.com"
"31934013880725","钱零二","139000000102","CITY_JX","230100202601030010","139000000102@139.com"
"31934013880726","钱零三","139000000103","CITY_YC","230100202601040010","139000000103@139.com"
"31934013880727","钱零四","139000000104","CITY_HRB","230100202601050010","139000000104@139.com"
"31934013880721","钱零五","139000000105","CITY_HRB","230100202601060010","139000000105@139.com"
"31934013880722","钱零六","139000000106","CITY_QQHR","230100202601070010","139000000106@139.com"
"31934013880723","钱零七","139000000107","CITY_HRB","230100202601080010","139000000107@139.com"
"31934013880724","钱零八","139000000108","CITY_HRB","230100202601090010","139000000108@139.com"
"31934013880725","钱零九","139000000109","CITY_HRB29","230100202601100010","139000000109@139.com"
"31934013880726","钱一零","139000000110","CITY_HRB","230100202601010011","139000000110@139.com"
"31934013880727","钱一一","139000000111","CITY_JMS","230100202601020011","139000000111@139.com"
"31934013880721","钱一二","139000000112","CITY_HRB","230100202601030011","139000000112@139.com"
"31934013880722","钱一三","139000000113","CITY_JMS","230100202601040011","139000000113@139.com"
"31934013880723","钱一四","139000000114","CITY_HRB","230100202601050011","139000000114@139.com"
"31934013880724","钱一五","139000000115","CITY_JMS","230100202601060011","139000000115@139.com"
"31934013880725","钱一六","139000000116","CITY_HRB","230100202601070011","139000000116@139.com"
"31934013880726","钱一七","139000000117","CITY_HRB29","230100202601080011","139000000117@139.com"
"31934013880727","钱一八","139000000118","CITY_HRB","230100202601090011","139000000118@139.com"
"31934013880721","钱一九","139000000119","CITY_MDJ","230100202601100011","139000000119@139.com"
"31934013880722","钱二零","139000000120","CITY_HRB","230100202601010012","139000000120@139.com"
"31934013880723","钱二一","139000000121","CITY_DQ","230100202601020012","139000000121@139.com"
"31934013880724","钱二二","139000000122","CITY_YC","230100202601030012","139000000122@139.com"
"31934013880725","钱二三","139000000123","CITY_WCJ","230100202601040012","139000000123@139.com"
"31934013880726","钱二四","139000000124","CITY_HH","230100202601050012","139000000124@139.com"
"31934013880727","钱二五","139000000125","CITY_SYS","230100202601060012","139000000125@139.com"
"31934013880721","钱二六","139000000126","CITY_HRB","230100202601070012","139000000126@139.com"
"31934013880722","钱二七","139000000127","CITY_HRB","230100202601080012","139000000127@139.com"
"31934013880723","钱二八","139000000128","CITY_HRB","230100202601090012","139000000128@139.com"
"31934013880724","钱二九","139000000129","CITY_HRB","230100202601100012","139000000129@139.com"
"31934013880725","钱三零","139000000130","CITY_SH","230100202601010013","139000000130@139.com"
"31934013880726","钱三一","139000000131","CITY_HG","230100202601020013","139000000131@139.com"
"31934013880727","钱三二","139000000132","CITY_HRB","230100202601030013","139000000132@139.com"
"31934013880721","钱三三","139000000133","CITY_QQHR","230100202601040013","139000000133@139.com"
"31934013880722","钱三四","139000000134","CITY_HRB","230100202601050013","139000000134@139.com"
"31934013880723","钱三五","139000000135","CITY_DQ","230100202601060013","139000000135@139.com"
"31934013880724","钱三六","139000000136","CITY_MDJ","230100202601070013","139000000136@139.com"
"31934013880725","钱三七","139000000137","CITY_HRB","230100202601080013","139000000137@139.com"
"31934013880726","钱三八","139000000138","CITY_SH","230100202601090013","139000000138@139.com"
"31934013880727","钱三九","139000000139","CITY_QQHR","230100202601100013","139000000139@139.com"
"31934013880721","钱四零","139000000140","CITY_JMS","230100202601010014","139000000140@139.com"
"31934013880722","钱四一","139000000141","CITY_HRB","230100202601020014","139000000141@139.com"
"31934013880723","钱四二","139000000142","CITY_DQ","230100202601030014","139000000142@139.com"
"31934013880724","钱四三","139000000143","CITY_JX","230100202601040014","139000000143@139.com"
"31934013880725","钱四四","139000000144","CITY_HRB","230100202601050014","139000000144@139.com"
"31934013880726","钱四五","139000000145","CITY_DQ","230100202601060014","139000000145@139.com"
"31934013880727","钱四六","139000000146","CITY_DXAL","230100202601070014","139000000146@139.com"
"31934013880721","钱四七","139000000147","CITY_DQ","230100202601080014","139000000147@139.com"
"31934013880722","钱四八","139000000148","CITY_HRB","230100202601090014","139000000148@139.com"
"31934013880723","钱四九","139000000149","CITY_DQ","230100202601100014","139000000149@139.com"
"31934013880724","钱五零","139000000150","CITY_QQHR","230100202601010015","139000000150@139.com"
"31934013880725","钱五一","139000000151","CITY_SH","230100202601020015","139000000151@139.com"
"31934013880726","钱五二","139000000152","CITY_HRB","230100202601030015","139000000152@139.com"
"31934013880727","钱五三","139000000153","CITY_HRB","230100202601040015","139000000153@139.com"
"31934013880721","钱五四","139000000154","CITY_SH","230100202601050015","139000000154@139.com"
"31934013880722","钱五五","139000000155","CITY_JMS","230100202601060015","139000000155@139.com"
"31934013880723","钱五六","139000000156","CITY_HRB","230100202601070015","139000000156@139.com"
"31934013880724","钱五七","139000000157","CITY_MDJ","230100202601080015","139000000157@139.com"
"31934013880725","钱五八","139000000158","CITY_DQ","230100202601090015","139000000158@139.com"
"31934013880726","钱五九","139000000159","CITY_QTH","230100202601100015","139000000159@139.com"
"31934013880727","钱六零","139000000160","CITY_SYS","230100202601010016","139000000160@139.com"
"31934013880721","钱六一","139000000161","CITY_MDJ","230100202601020016","139000000161@139.com"
"31934013880722","钱六二","139000000162","CITY_SH","230100202601030016","139000000162@139.com"
"31934013880723","钱六三","139000000163","CITY_JX","230100202601040016","139000000163@139.com"
"31934013880724","钱六四","139000000164","CITY_YC","230100202601050016","139000000164@139.com"
"31934013880725","钱六五","139000000165","CITY_DQ","230100202601060016","139000000165@139.com"
"31934013880726","钱六六","139000000166","CITY_JX","230100202601070016","139000000166@139.com"
"31934013880727","钱六七","139000000167","CITY_SH","230100202601080016","139000000167@139.com"
"31934013880721","钱六八","139000000168","CITY_HRB","230100202601090016","139000000168@139.com"
"31934013880722","钱六九","139000000169","CITY_DXAL","230100202601100016","139000000169@139.com"
"31934013880723","钱七零","139000000170","CITY_HRB","230100202601010017","139000000170@139.com"
"31934013880724","钱七一","139000000171","CITY_HRB","230100202601020017","139000000171@139.com"
"31934013880725","钱七二","139000000172","CITY_HRB","230100202601030017","139000000172@139.com"
"31934013880726","钱七三","139000000173","CITY_DQ","230100202601040017","139000000173@139.com"
"31934013880727","钱七四","139000000174","CITY_HRB","230100202601050017","139000000174@139.com"
"31934013880724","孙六二","139000000262","CITY_HRB","230100202601030026","139000000262@139.com"
"31934013880725","孙六三","139000000263","CITY_SH","230100202601040026","139000000263@139.com"
"31934013880726","孙六四","139000000264","CITY_HRB","230100202601050026","139000000264@139.com"
"31934013880727","孙六五","139000000265","CITY_HRB","230100202601060026","139000000265@139.com"
"31934013880721","孙六六","139000000266","CITY_QQHR","230100202601070026","139000000266@139.com"
"31934013880722","孙六七","139000000267","CITY_DQ","230100202601080026","139000000267@139.com"
"31934013880723","孙六八","139000000268","CITY_JMS","230100202601090026","139000000268@139.com"
"31934013880724","孙六九","139000000269","CITY_HRB","230100202601100026","139000000269@139.com"
"31934013880725","孙七零","139000000270","CITY_HRB","230100202601010027","139000000270@139.com"
"31934013880726","孙七一","139000000271","CITY_HH","230100202601020027","139000000271@139.com"
"31934013880727","孙七二","139000000272","CITY_SYS","230100202601030027","139000000272@139.com"
"31934013880721","孙七三","139000000273","CITY_QTH","230100202601040027","139000000273@139.com"
"31934013880722","孙七四","139000000274","CITY_HRB","230100202601050027","139000000274@139.com"
"31934013880723","孙七五","139000000275","CITY_HRB","230100202601060027","139000000275@139.com"
"31934013880724","孙七六","139000000276","CITY_HRB","230100202601070027","139000000276@139.com"
"31934013880725","孙七七","139000000277","CITY_HRB","230100202601080027","139000000277@139.com"
"31934013880726","孙七八","139000000278","CITY_YC","230100202601090027","139000000278@139.com"
"31934013880727","孙七九","139000000279","CITY_HRB","230100202601100027","139000000279@139.com"
"31934013880721","孙八零","139000000280","CITY_HRB","230100202601010028","139000000280@139.com"
"31934013880722","孙八一","139000000281","CITY_HRB","230100202601020028","139000000281@139.com"
"31934013880723","孙八二","139000000282","CITY_YC","230100202601030028","139000000282@139.com"
"31934013880724","孙八三","139000000283","CITY_HRB","230100202601040028","139000000283@139.com"
"31934013880725","孙八四","139000000284","CITY_JMS","230100202601050028","139000000284@139.com"
"31934013880726","孙八五","139000000285","CITY_HRB","230100202601060028","139000000285@139.com"
"31934013880727","孙八六","139000000286","CITY_JMS","230100202601070028","139000000286@139.com"
"31934013880721","孙八七","139000000287","CITY_HRB","230100202601080028","139000000287@139.com"
"31934013880722","孙八八","139000000288","CITY_HRB","230100202601090028","139000000288@139.com"
"31934013880723","孙八九","139000000289","CITY_HRB","230100202601100028","139000000289@139.com"
"31934013880724","孙九零","139000000290","CITY_HRB","230100202601010029","139000000290@139.com"
"31934013880725","孙九一","139000000291","CITY_HRB","230100202601020029","139000000291@139.com"
"31934013880726","孙九二","139000000292","CITY_SYS","230100202601030029","139000000292@139.com"
"31934013880727","孙九三","139000000293","CITY_JX","230100202601040029","139000000293@139.com"
"31934013880721","孙九四","139000000294","CITY_QQHR","230100202601050029","139000000294@139.com"
"31934013880722","孙九五","139000000295","CITY_HRB","230100202601060029","139000000295@139.com"
"31934013880723","孙九六","139000000296","CITY_HRB","230100202601070029","139000000296@139.com"
"31934013880724","孙九七","139000000297","CITY_HH","230100202601080029","139000000297@139.com"
"31934013880725","孙九八","139000000298","CITY_HH","230100202601090029","139000000298@139.com"
"31934013880726","孙九九","139000000299","CITY_DQ","230100202601100029","139000000299@139.com"
"31934013880727","李零零","139000000300","CITY_MDJ","230100202601010030","139000000300@139.com"
"31934013880721","李零一","139000000301","CITY_DQ","230100202601020030","139000000301@139.com"
"31934013880722","李零二","139000000302","CITY_HRB","230100202601030030","139000000302@139.com"
"31934013880723","李零三","139000000303","CITY_HRB","230100202601040030","139000000303@139.com"
"31934013880724","李零四","139000000304","CITY_QQHR","230100202601050030","139000000304@139.com"
"31934013880725","李零五","139000000305","CITY_HG","230100202601060030","139000000305@139.com"
"31934013880726","李零六","139000000306","CITY_MDJ","230100202601070030","139000000306@139.com"
"31934013880727","李零七","139000000307","CITY_SYS","230100202601080030","139000000307@139.com"
"31934013880721","李零八","139000000308","CITY_JMS","230100202601090030","139000000308@139.com"
"31934013880722","李零九","139000000309","CITY_QQHR","230100202601100030","139000000309@139.com"
"31934013880723","李一零","139000000310","CITY_HRB","230100202601010031","139000000310@139.com"
"31934013880724","李一一","139000000311","CITY_HRB","230100202601020031","139000000311@139.com"
"31934013880725","李一二","139000000312","CITY_YC","230100202601030031","139000000312@139.com"
"31934013880726","李一三","139000000313","CITY_QQHR","230100202601040031","139000000313@139.com"
"31934013880727","李一四","139000000314","CITY_DQ","230100202601050031","139000000314@139.com"
"31934013880721","李一五","139000000315","CITY_HRB","230100202601060031","139000000315@139.com"
"31934013880722","李一六","139000000316","CITY_HRB","230100202601070031","139000000316@139.com"
"31934013880723","李一七","139000000317","CITY_HRB","230100202601080031","139000000317@139.com"
"31934013880724","李一八","139000000318","CITY_JMS","230100202601090031","139000000318@139.com"
"31934013880725","李一九","139000000319","CITY_HRB","230100202601100031","139000000319@139.com"
"31934013880726","李二零","139000000320","CITY_DQ","230100202601010032","139000000320@139.com"
"31934013880727","李二一","139000000321","CITY_HRB","230100202601020032","139000000321@139.com"
"31934013880721","李二二","139000000322","CITY_HRB","230100202601030032","139000000322@139.com"
"31934013880722","李二三","139000000323","CITY_HRB","230100202601040032","139000000323@139.com"
"31934013880723","李二四","139000000324","CITY_QQHR","230100202601050032","139000000324@139.com"
"31934013880724","李二五","139000000325","CITY_MDJ","230100202601060032","139000000325@139.com"
"31934013880725","李二六","139000000326","CITY_QQHR","230100202601070032","139000000326@139.com"
"31934013880726","李二七","139000000327","CITY_HRB","230100202601080032","139000000327@139.com"
"31934013880727","李二八","139000000328","CITY_HRB","230100202601090032","139000000328@139.com"
"31934013880721","李二九","139000000329","CITY_SYS","230100202601100032","139000000329@139.com"
"31934013880722","李三零","139000000330","CITY_HRB","230100202601010033","139000000330@139.com"
"31934013880723","李三一","139000000331","CITY_HRB","230100202601020033","139000000331@139.com"
"31934013880724","李三二","139000000332","CITY_QQHR","230100202601030033","139000000332@139.com"
"31934013880725","李三三","139000000333","CITY_HRB","230100202601040033","139000000333@139.com"
"31934013880726","李三四","139000000334","CITY_DQ","230100202601050033","139000000334@139.com"
"31934013880727","李三五","139000000335","CITY_HRB","230100202601060033","139000000335@139.com"
"31934013880721","李三六","139000000336","CITY_HRB","230100202601070033","139000000336@139.com"
"31934013880722","李三七","139000000337","CITY_HH","230100202601080033","139000000337@139.com"
"31934013880723","李三八","139000000338","CITY_HRB","230100202601090033","139000000338@139.com"
"31934013880724","李三九","139000000339","CITY_YC","230100202601100033","139000000339@139.com"
"31934013880725","李四零","139000000340","CITY_QTH","230100202601010034","139000000340@139.com"
"31934013880726","李四一","139000000341","CITY_JX","230100202601020034","139000000341@139.com"
"31934013880727","李四二","139000000342","CITY_HRB","230100202601030034","139000000342@139.com"
"31934013880721","李四三","139000000343","CITY_QTH","230100202601040034","139000000343@139.com"
"31934013880722","李四四","139000000344","CITY_SH","230100202601050034","139000000344@139.com"
"31934013880723","李四五","139000000345","CITY_QTH","230100202601060034","139000000345@139.com"
"31934013880724","李四六","139000000346","CITY_HRB","230100202601070034","139000000346@139.com"
"31934013880725","李四七","139000000347","CITY_HG","230100202601080034","139000000347@139.com"
"31934013880726","李四八","139000000348","CITY_QQHR","230100202601090034","139000000348@139.com"
"31934013880727","李四九","139000000349","CITY_DXAL","230100202601100034","139000000349@139.com"
"31934013880721","李五零","139000000350","CITY_SH","230100202601010035","139000000350@139.com"
"31934013880722","李五一","139000000351","CITY_MDJ","230100202601020035","139000000351@139.com"
"31934013880723","李五二","139000000352","CITY_QQHR","230100202601030035","139000000352@139.com"
"31934013880724","李五三","139000000353","CITY_HRB","230100202601040035","139000000353@139.com"
"31934013880725","李五四","139000000354","CITY_QTH","230100202601050035","139000000354@139.com"
"31934013880726","李五五","139000000355","CITY_JMS","230100202601060035","139000000355@139.com"
"31934013880727","李五六","139000000356","CITY_HRB","230100202601070035","139000000356@139.com"
"31934013880721","李五七","139000000357","CITY_SH","230100202601080035","139000000357@139.com"
"31934013880722","李五八","139000000358","CITY_DQ","230100202601090035","139000000358@139.com"
"31934013880723","李五九","139000000359","CITY_HRB","230100202601100035","139000000359@139.com"
"31934013880724","李六零","139000000360","CITY_QQHR","230100202601010036","139000000360@139.com"
"31934013880725","李六一","139000000361","CITY_QQHR","230100202601020036","139000000361@139.com"
"31934013880726","李六二","139000000362","CITY_DXAL","230100202601030036","139000000362@139.com"
"31934013880727","李六三","139000000363","CITY_HRB","230100202601040036","139000000363@139.com"
"31934013880721","李六四","139000000364","CITY_SH","230100202601050036","139000000364@139.com"
"31934013880722","李六五","139000000365","CITY_HRB","230100202601060036","139000000365@139.com"
"31934013880723","李六六","139000000366","CITY_HRB","230100202601070036","139000000366@139.com"
"31934013880724","李六七","139000000367","CITY_HRB","230100202601080036","139000000367@139.com"
"31934013880725","李六八","139000000368","CITY_HRB","230100202601090036","139000000368@139.com"
"31934013880726","李六九","139000000369","CITY_HRB","230100202601100036","139000000369@139.com"
"31934013880727","李七零","139000000370","CITY_MDJ","230100202601010037","139000000370@139.com"
"31934013880721","李七一","139000000371","CITY_HRB","230100202601020037","139000000371@139.com"
"31934013880722","李七二","139000000372","CITY_MDJ","230100202601030037","139000000372@139.com"
"31934013880723","李七三","139000000373","CITY_HRB","230100202601040037","139000000373@139.com"
"31934013880724","李七四","139000000374","CITY_HRB","230100202601050037","139000000374@139.com"
"31934013880725","李七五","139000000375","CITY_DQ","230100202601060037","139000000375@139.com"
"31934013880726","李七六","139000000376","CITY_DQ","230100202601070037","139000000376@139.com"
"31934013880727","李七七","139000000377","CITY_DQ","230100202601080037","139000000377@139.com"
"31934013880721","李七八","139000000378","CITY_HRB","230100202601090037","139000000378@139.com"
"31934013880722","李七九","139000000379","CITY_HRB","230100202601100037","139000000379@139.com"
"31934013880723","李八零","139000000380","CITY_JB","230100202601010038","139000000380@139.com"
"31934013880724","李八一","139000000381","CITY_DQ","230100202601020038","139000000381@139.com"
"31934013880725","李八二","139000000382","CITY_HH","230100202601030038","139000000382@139.com"
"31934013880726","李八三","139000000383","CITY_DQ","230100202601040038","139000000383@139.com"
"31934013880727","李八四","139000000384","CITY_HRB","230100202601050038","139000000384@139.com"
"31934013880721","李八五","139000000385","CITY_MDJ","230100202601060038","139000000385@139.com"
"31934013880722","李八六","139000000386","CITY_MDJ","230100202601070038","139000000386@139.com"
"31934013880723","李八七","139000000387","CITY_JMS","230100202601080038","139000000387@139.com"
"31934013880724","李八八","139000000388","CITY_HH","230100202601090038","139000000388@139.com"
"31934013880725","李八九","139000000389","CITY_HRB","230100202601100038","139000000389@139.com"
"31934013880726","李九零","139000000390","CITY_JMS","230100202601010039","139000000390@139.com"
"31934013880727","李九一","139000000391","CITY_DQ","230100202601020039","139000000391@139.com"
"31934013880721","李九二","139000000392","CITY_MDJ","230100202601030039","139000000392@139.com"
"31934013880722","李九三","139000000393","CITY_HRB","230100202601040039","139000000393@139.com"
"31934013880723","李九四","139000000394","CITY_HRB","230100202601050039","139000000394@139.com"
"31934013880724","李九五","139000000395","CITY_HRB","230100202601060039","139000000395@139.com"
"31934013880725","李九六","139000000396","CITY_JMS","230100202601070039","139000000396@139.com"
"31934013880726","李九七","139000000397","CITY_HRB","230100202601080039","139000000397@139.com"
"31934013880727","李九八","139000000398","CITY_HH","230100202601090039","139000000398@139.com"
"31934013880721","李九九","139000000399","CITY_HRB","230100202601100039","139000000399@139.com"
"31934013880722","周零零","139000000400","CITY_HRB","230100202601010040","139000000400@139.com"
"31934013880723","周零一","139000000401","CITY_HG","230100202601020040","139000000401@139.com"
"31934013880724","周零二","139000000402","CITY_SYS","230100202601030040","139000000402@139.com"
"31934013880725","周零三","139000000403","CITY_HRB","230100202601040040","139000000403@139.com"
"31934013880726","周零四","139000000404","CITY_HRB","230100202601050040","139000000404@139.com"
"31934013880727","周零五","139000000405","CITY_MDJ","230100202601060040","139000000405@139.com"
"31934013880721","周零六","139000000406","CITY_DXAL","230100202601070040","139000000406@139.com"
"31934013880722","周零七","139000000407","CITY_JX","230100202601080040","139000000407@139.com"
"31934013880723","周零八","139000000408","CITY_SH","230100202601090040","139000000408@139.com"
"31934013880724","周零九","139000000409","CITY_DQ","230100202601100040","139000000409@139.com"
"31934013880725","周一零","139000000410","CITY_HRB","230100202601010041","139000000410@139.com"
"31934013880726","周一一","139000000411","CITY_HG","230100202601020041","139000000411@139.com"
"31934013880727","周一二","139000000412","CITY_HH","230100202601030041","139000000412@139.com"
"31934013880721","周一三","139000000413","CITY_QQHR","230100202601040041","139000000413@139.com"
"31934013880722","周一四","139000000414","CITY_JX","230100202601050041","139000000414@139.com"
"31934013880723","周一五","139000000415","CITY_HRB","230100202601060041","139000000415@139.com"
"31934013880724","周一六","139000000416","CITY_JMS","230100202601070041","139000000416@139.com"
"31934013880725","周一七","139000000417","CITY_JX","230100202601080041","139000000417@139.com"
"31934013880726","周一八","139000000418","CITY_DQ","230100202601090041","139000000418@139.com"
"31934013880727","周一九","139000000419","CITY_HRB","230100202601100041","139000000419@139.com"
"31934013880721","周二零","139000000420","CITY_DQ","230100202601010042","139000000420@139.com"
"31934013880722","周二一","139000000421","CITY_HRB","230100202601020042","139000000421@139.com"
"31934013880723","周二二","139000000422","CITY_HRB","230100202601030042","139000000422@139.com"
"31934013880724","周二三","139000000423","CITY_HRB","230100202601040042","139000000423@139.com"
"31934013880725","周二四","139000000424","CITY_QQHR","230100202601050042","139000000424@139.com"
"31934013880726","周二五","139000000425","CITY_JMS","230100202601060042","139000000425@139.com"
"31934013880727","周二六","139000000426","CITY_HRB","230100202601070042","139000000426@139.com"
"31934013880721","周二七","139000000427","CITY_HRB","230100202601080042","139000000427@139.com"
"31934013880722","周二八","139000000428","CITY_QQHR","230100202601090042","139000000428@139.com"
"31934013880723","周二九","139000000429","CITY_SYS","230100202601100042","139000000429@139.com"
"31934013880724","周三零","139000000430","CITY_DQ","230100202601010043","139000000430@139.com"
"31934013880725","周三一","139000000431","CITY_HRB","230100202601020043","139000000431@139.com"
"31934013880726","周三二","139000000432","CITY_HRB","230100202601030043","139000000432@139.com"
"31934013880727","周三三","139000000433","CITY_DQ","230100202601040043","139000000433@139.com"
"31934013880721","周三四","139000000434","CITY_QQHR","230100202601050043","139000000434@139.com"
"31934013880721","钱七五","139000000175","CITY_HRB","230100202601060017","139000000175@139.com"
"31934013880722","钱七六","139000000176","CITY_HRB","230100202601070017","139000000176@139.com"
"31934013880723","钱七七","139000000177","CITY_SYS","230100202601080017","139000000177@139.com"
"31934013880724","钱七八","139000000178","CITY_HRB","230100202601090017","139000000178@139.com"
"31934013880725","钱七九","139000000179","CITY_MDJ","230100202601100017","139000000179@139.com"
"31934013880726","钱八零","139000000180","CITY_QQHR","230100202601010018","139000000180@139.com"
"31934013880727","钱八一","139000000181","CITY_JMS","230100202601020018","139000000181@139.com"
"31934013880721","钱八二","139000000182","CITY_DQ","230100202601030018","139000000182@139.com"
"31934013880722","钱八三","139000000183","CITY_QQHR","230100202601040018","139000000183@139.com"
"31934013880723","钱八四","139000000184","CITY_HRB","230100202601050018","139000000184@139.com"
"31934013880724","钱八五","139000000185","CITY_DQ","230100202601060018","139000000185@139.com"
"31934013880725","钱八六","139000000186","CITY_DQ","230100202601070018","139000000186@139.com"
"31934013880726","钱八七","139000000187","CITY_YC","230100202601080018","139000000187@139.com"
"31934013880727","钱八八","139000000188","CITY_SH","230100202601090018","139000000188@139.com"
"31934013880721","钱八九","139000000189","CITY_QQHR","230100202601100018","139000000189@139.com"
"31934013880722","钱九零","139000000190","CITY_HRB","230100202601010019","139000000190@139.com"
"31934013880723","钱九一","139000000191","CITY_HRB","230100202601020019","139000000191@139.com"
"31934013880724","钱九二","139000000192","CITY_QQHR","230100202601030019","139000000192@139.com"
"31934013880725","钱九三","139000000193","CITY_DQ","230100202601040019","139000000193@139.com"
"31934013880726","钱九四","139000000194","CITY_JMS","230100202601050019","139000000194@139.com"
"31934013880727","钱九五","139000000195","CITY_HRB","230100202601060019","139000000195@139.com"
"31934013880721","钱九六","139000000196","CITY_HRB","230100202601070019","139000000196@139.com"
"31934013880722","钱九七","139000000197","CITY_HRB","230100202601080019","139000000197@139.com"
"31934013880723","钱九八","139000000198","CITY_JX","230100202601090019","139000000198@139.com"
"31934013880724","钱九九","139000000199","CITY_QQHR","230100202601100019","139000000199@139.com"
"31934013880725","孙零零","139000000200","CITY_JMS","230100202601010020","139000000200@139.com"
"31934013880726","孙零一","139000000201","CITY_MDJ","230100202601020020","139000000201@139.com"
"31934013880727","孙零二","139000000202","CITY_JMS","230100202601030020","139000000202@139.com"
"31934013880721","孙零三","139000000203","CITY_HRB","230100202601040020","139000000203@139.com"
"31934013880722","孙零四","139000000204","CITY_HRB","230100202601050020","139000000204@139.com"
"31934013880723","孙零五","139000000205","CITY_QTH","230100202601060020","139000000205@139.com"
"31934013880724","孙零六","139000000206","CITY_QQHR","230100202601070020","139000000206@139.com"
"31934013880725","孙零七","139000000207","CITY_HG","230100202601080020","139000000207@139.com"
"31934013880726","孙零八","139000000208","CITY_JMS","230100202601090020","139000000208@139.com"
"31934013880727","孙零九","139000000209","CITY_QQHR","230100202601100020","139000000209@139.com"
"31934013880721","孙一零","139000000210","CITY_DQ","230100202601010021","139000000210@139.com"
"31934013880722","孙一一","139000000211","CITY_QQHR","230100202601020021","139000000211@139.com"
"31934013880723","孙一二","139000000212","CITY_QQHR","230100202601030021","139000000212@139.com"
"31934013880724","孙一三","139000000213","CITY_QTH","230100202601040021","139000000213@139.com"
"31934013880725","孙一四","139000000214","CITY_QTH","230100202601050021","139000000214@139.com"
"31934013880726","孙一五","139000000215","CITY_QQHR","230100202601060021","139000000215@139.com"
"31934013880727","孙一六","139000000216","CITY_HG","230100202601070021","139000000216@139.com"
"31934013880721","孙一七","139000000217","CITY_DQ","230100202601080021","139000000217@139.com"
"31934013880722","孙一八","139000000218","CITY_HRB","230100202601090021","139000000218@139.com"
"31934013880723","孙一九","139000000219","CITY_HRB","230100202601100021","139000000219@139.com"
"31934013880724","孙二零","139000000220","CITY_JMS","230100202601010022","139000000220@139.com"
"31934013880725","孙二一","139000000221","CITY_HRB","230100202601020022","139000000221@139.com"
"31934013880726","孙二二","139000000222","CITY_HRB","230100202601030022","139000000222@139.com"
"31934013880727","孙二三","139000000223","CITY_QQHR","230100202601040022","139000000223@139.com"
"31934013880721","孙二四","139000000224","CITY_HRB","230100202601050022","139000000224@139.com"
"31934013880722","孙二五","139000000225","CITY_SH","230100202601060022","139000000225@139.com"
"31934013880723","孙二六","139000000226","CITY_HRB","230100202601070022","139000000226@139.com"
"31934013880724","孙二七","139000000227","CITY_QQHR","230100202601080022","139000000227@139.com"
"31934013880725","孙二八","139000000228","CITY_QQHR","230100202601090022","139000000228@139.com"
"31934013880726","孙二九","139000000229","CITY_QQHR","230100202601100022","139000000229@139.com"
"31934013880727","孙三零","139000000230","CITY_HRB","230100202601010023","139000000230@139.com"
"31934013880721","孙三一","139000000231","CITY_DQ","230100202601020023","139000000231@139.com"
"31934013880722","孙三二","139000000232","CITY_QQHR","230100202601030023","139000000232@139.com"
"31934013880723","孙三三","139000000233","CITY_HRB","230100202601040023","139000000233@139.com"
"31934013880724","孙三四","139000000234","CITY_JMS","230100202601050023","139000000234@139.com"
"31934013880725","孙三五","139000000235","CITY_HRB","230100202601060023","139000000235@139.com"
"31934013880726","孙三六","139000000236","CITY_JMS","230100202601070023","139000000236@139.com"
"31934013880727","孙三七","139000000237","CITY_QQHR","230100202601080023","139000000237@139.com"
"31934013880721","孙三八","139000000238","CITY_QQHR","230100202601090023","139000000238@139.com"
"31934013880722","孙三九","139000000239","CITY_HRB","230100202601100023","139000000239@139.com"
"31934013880723","孙四零","139000000240","CITY_DQ","230100202601010024","139000000240@139.com"
"31934013880724","孙四一","139000000241","CITY_HRB","230100202601020024","139000000241@139.com"
"31934013880725","孙四二","139000000242","CITY_JX","230100202601030024","139000000242@139.com"
"31934013880726","孙四三","139000000243","CITY_QQHR","230100202601040024","139000000243@139.com"
"31934013880727","孙四四","139000000244","CITY_JMS","230100202601050024","139000000244@139.com"
"31934013880721","孙四五","139000000245","CITY_HRB","230100202601060024","139000000245@139.com"
"31934013880722","孙四六","139000000246","CITY_DQ","230100202601070024","139000000246@139.com"
"31934013880723","孙四七","139000000247","CITY_JX","230100202601080024","139000000247@139.com"
"31934013880724","孙四八","139000000248","CITY_SH","230100202601090024","139000000248@139.com"
"31934013880725","孙四九","139000000249","CITY_JX","230100202601100024","139000000249@139.com"
"31934013880726","孙五零","139000000250","CITY_SYS","230100202601010025","139000000250@139.com"
"31934013880727","孙五一","139000000251","CITY_HRB","230100202601020025","139000000251@139.com"
"31934013880721","孙五二","139000000252","CITY_DQ","230100202601030025","139000000252@139.com"
"31934013880722","孙五三","139000000253","CITY_HRB","230100202601040025","139000000253@139.com"
"31934013880723","孙五四","139000000254","CITY_YC","230100202601050025","139000000254@139.com"
"31934013880724","孙五五","139000000255","CITY_QQHR","230100202601060025","139000000255@139.com"
"31934013880725","孙五六","139000000256","CITY_HRB","230100202601070025","139000000256@139.com"
"31934013880726","孙五七","139000000257","CITY_YC","230100202601080025","139000000257@139.com"
"31934013880727","孙五八","139000000258","CITY_QTH","230100202601090025","139000000258@139.com"
"31934013880721","孙五九","139000000259","CITY_HRB","230100202601100025","139000000259@139.com"
"31934013880722","孙六零","139000000260","CITY_HRB","230100202601010026","139000000260@139.com"
"31934013880723","孙六一","139000000261","CITY_SH","230100202601020026","139000000261@139.com"
"31934013880721","赵零零","139000000000","CITY_HRB","230100202601010000","139000000000@139.com"
"31934013880722","赵零一","139000000001","CITY_HRB","230100202601020000","139000000001@139.com"
"31934013880723","赵零二","139000000002","CITY_JMS","230100202601030000","139000000002@139.com"
"31934013880724","赵零三","139000000003","CITY_HRB","230100202601040000","139000000003@139.com"
"31934013880725","赵零四","139000000004","CITY_SYS","230100202601050000","139000000004@139.com"
"31934013880726","赵零五","139000000005","CITY_HRB","230100202601060000","139000000005@139.com"
"31934013880727","赵零六","139000000006","CITY_MDJ","230100202601070000","139000000006@139.com"
"31934013880721","赵零七","139000000007","CITY_HRB","230100202601080000","139000000007@139.com"
"31934013880722","赵零八","139000000008","CITY_HRB","230100202601090000","139000000008@139.com"
"31934013880723","赵零九","139000000009","CITY_QQHR","230100202601100000","139000000009@139.com"
"31934013880724","赵一零","139000000010","CITY_HRB","230100202601010001","139000000010@139.com"
"31934013880725","赵一一","139000000011","CITY_HRB","230100202601020001","139000000011@139.com"
"31934013880726","赵一二","139000000012","CITY_HRB","230100202601030001","139000000012@139.com"
"31934013880727","赵一三","139000000013","CITY_SH","230100202601040001","139000000013@139.com"
"31934013880721","赵一四","139000000014","CITY_HRB","230100202601050001","139000000014@139.com"
"31934013880722","赵一五","139000000015","CITY_HRB","230100202601060001","139000000015@139.com"
"31934013880723","赵一六","139000000016","CITY_DQ","230100202601070001","139000000016@139.com"
"31934013880724","赵一七","139000000017","CITY_HRB","230100202601080001","139000000017@139.com"
"31934013880725","赵一八","139000000018","CITY_HRB","230100202601090001","139000000018@139.com"
"31934013880726","赵一九","139000000019","CITY_JMS","230100202601100001","139000000019@139.com"
"31934013880727","赵二零","139000000020","CITY_HRB","230100202601010002","139000000020@139.com"
"31934013880721","赵二一","139000000021","CITY_MDJ","230100202601020002","139000000021@139.com"
"31934013880722","赵二二","139000000022","CITY_HRB","230100202601030002","139000000022@139.com"
"31934013880723","赵二三","139000000023","CITY_DQ","230100202601040002","139000000023@139.com"
"31934013880724","赵二四","139000000024","CITY_HH","230100202601050002","139000000024@139.com"
"31934013880725","赵二五","139000000025","CITY_QQHR","230100202601060002","139000000025@139.com"
"31934013880726","赵二六","139000000026","CITY_QTH","230100202601070002","139000000026@139.com"
"31934013880727","赵二七","139000000027","CITY_HRB","230100202601080002","139000000027@139.com"
"31934013880721","赵二八","139000000028","CITY_SYS","230100202601090002","139000000028@139.com"
"31934013880722","赵二九","139000000029","CITY_QQHR","230100202601100002","139000000029@139.com"
"31934013880723","赵三零","139000000030","CITY_DXAL","230100202601010003","139000000030@139.com"
"31934013880724","赵三一","139000000031","CITY_DXAL","230100202601020003","139000000031@139.com"
"31934013880725","赵三二","139000000032","CITY_DQ","230100202601030003","139000000032@139.com"
"31934013880726","赵三三","139000000033","CITY_HRB","230100202601040003","139000000033@139.com"
"31934013880727","赵三四","139000000034","CITY_JX","230100202601050003","139000000034@139.com"
"31934013880721","赵三五","139000000035","CITY_DXAL","230100202601060003","139000000035@139.com"
"31934013880722","赵三六","139000000036","CITY_QQHR","230100202601070003","139000000036@139.com"
"31934013880723","赵三七","139000000037","CITY_HRB","230100202601080003","139000000037@139.com"
"31934013880724","赵三八","139000000038","CITY_DQ","230100202601090003","139000000038@139.com"
"31934013880725","赵三九","139000000039","CITY_BJ","230100202601100003","139000000039@139.com"
"31934013880726","赵四零","139000000040","CITY_JX","230100202601010004","139000000040@139.com"
"31934013880727","赵四一","139000000041","CITY_QQHR","230100202601020004","139000000041@139.com"
"31934013880721","赵四二","139000000042","CITY_QQHR","230100202601030004","139000000042@139.com"
"31934013880722","赵四三","139000000043","CITY_HRB","230100202601040004","139000000043@139.com"
"31934013880723","赵四四","139000000044","CITY_HRB","230100202601050004","139000000044@139.com"
"31934013880724","赵四五","139000000045","CITY_DQ","230100202601060004","139000000045@139.com"
"31934013880725","赵四六","139000000046","CITY_HRB","230100202601070004","139000000046@139.com"
"31934013880726","赵四七","139000000047","CITY_JX","230100202601080004","139000000047@139.com"
"31934013880727","赵四八","139000000048","CITY_DQ","230100202601090004","139000000048@139.com"
"31934013880721","赵四九","139000000049","CITY_HRB","230100202601100004","139000000049@139.com"
"31934013880722","赵五零","139000000050","CITY_JMS","230100202601010005","139000000050@139.com"
"31934013880723","赵五一","139000000051","CITY_HRB","230100202601020005","139000000051@139.com"
"31934013880724","赵五二","139000000052","CITY_HRB","230100202601030005","139000000052@139.com"
"31934013880725","赵五三","139000000053","CITY_JMS","230100202601040005","139000000053@139.com"
"31934013880726","赵五四","139000000054","CITY_JMS","230100202601050005","139000000054@139.com"
"31934013880727","赵五五","139000000055","CITY_SYS","230100202601060005","139000000055@139.com"
"31934013880721","赵五六","139000000056","CITY_HRB","230100202601070005","139000000056@139.com"
"31934013880722","赵五七","139000000057","CITY_HRB","230100202601080005","139000000057@139.com"
"31934013880723","赵五八","139000000058","CITY_HRB","230100202601090005","139000000058@139.com"
"31934013880724","赵五九","139000000059","CITY_DQ","230100202601100005","139000000059@139.com"
"31934013880725","赵六零","139000000060","CITY_QQHR","230100202601010006","139000000060@139.com"
"31934013880726","赵六一","139000000061","CITY_HRB","230100202601020006","139000000061@139.com"
"31934013880727","赵六二","139000000062","CITY_HG","230100202601030006","139000000062@139.com"
"31934013880721","赵六三","139000000063","CITY_JMS","230100202601040006","139000000063@139.com"
"31934013880722","赵六四","139000000064","CITY_HRB","230100202601050006","139000000064@139.com"
"31934013880723","赵六五","139000000065","CITY_MDJ","230100202601060006","139000000065@139.com"
"31934013880724","赵六六","139000000066","CITY_JX","230100202601070006","139000000066@139.com"
"31934013880725","赵六七","139000000067","CITY_QQHR","230100202601080006","139000000067@139.com"
"31934013880726","赵六八","139000000068","CITY_HRB","230100202601090006","139000000068@139.com"
"31934013880727","赵六九","139000000069","CITY_HRB","230100202601100006","139000000069@139.com"
"31934013880721","赵七零","139000000070","CITY_HRB","230100202601010007","139000000070@139.com"
"31934013880722","赵七一","139000000071","CITY_HRB","230100202601020007","139000000071@139.com"
"31934013880723","赵七二","139000000072","CITY_QQHR","230100202601030007","139000000072@139.com"
"31934013880724","赵七三","139000000073","CITY_YC","230100202601040007","139000000073@139.com"
"31934013880725","赵七四","139000000074","CITY_HRB","230100202601050007","139000000074@139.com"
"31934013880726","赵七五","139000000075","CITY_JMS","230100202601060007","139000000075@139.com"
"31934013880727","赵七六","139000000076","CITY_MDJ","230100202601070007","139000000076@139.com"
"31934013880721","赵七七","139000000077","CITY_HRB","230100202601080007","139000000077@139.com"
"31934013880722","赵七八","139000000078","CITY_HRB","230100202601090007","139000000078@139.com"
"31934013880723","赵七九","139000000079","CITY_HRB","230100202601100007","139000000079@139.com"
"31934013880724","赵八零","139000000080","CITY_HRB","230100202601010008","139000000080@139.com"
"31934013880725","赵八一","139000000081","CITY_DXAL","230100202601020008","139000000081@139.com"
"31934013880726","赵八二","139000000082","CITY_JX","230100202601030008","139000000082@139.com"
"31934013880727","赵八三","139000000083","CITY_SYS","230100202601040008","139000000083@139.com"
"31934013880721","赵八四","139000000084","CITY_QQHR","230100202601050008","139000000084@139.com"
"31934013880722","赵八五","139000000085","CITY_JMS","230100202601060008","139000000085@139.com"
"31934013880723","赵八六","139000000086","CITY_DQ","230100202601070008","139000000086@139.com"
"31934013880726","陈五七","139000000957","CITY_QQHR","230100202601080095","139000000957@139.com"
"31934013880727","陈五八","139000000958","CITY_DXAL","230100202601090095","139000000958@139.com"
"31934013880721","陈五九","139000000959","CITY_HRB","230100202601100095","139000000959@139.com"
"31934013880722","陈六零","139000000960","CITY_HRB","230100202601010096","139000000960@139.com"
"31934013880723","陈六一","139000000961","CITY_DQ","230100202601020096","139000000961@139.com"
"31934013880724","陈六二","139000000962","CITY_DQ","230100202601030096","139000000962@139.com"
"31934013880725","陈六三","139000000963","CITY_SH","230100202601040096","139000000963@139.com"
"31934013880726","陈六四","139000000964","CITY_HRB","230100202601050096","139000000964@139.com"
"31934013880727","陈六五","139000000965","CITY_HRB","230100202601060096","139000000965@139.com"
"31934013880721","陈六六","139000000966","CITY_HRB","230100202601070096","139000000966@139.com"
"31934013880722","陈六七","139000000967","CITY_DQ","230100202601080096","139000000967@139.com"
"31934013880723","陈六八","139000000968","CITY_JX","230100202601090096","139000000968@139.com"
"31934013880724","陈六九","139000000969","CITY_HRB","230100202601100096","139000000969@139.com"
"31934013880725","陈七零","139000000970","CITY_DQ","230100202601010097","139000000970@139.com"
"31934013880726","陈七一","139000000971","CITY_HRB","230100202601020097","139000000971@139.com"
"31934013880727","陈七二","139000000972","CITY_HRB","230100202601030097","139000000972@139.com"
"31934013880721","陈七三","139000000973","CITY_HRB","230100202601040097","139000000973@139.com"
"31934013880722","陈七四","139000000974","CITY_DQ","230100202601050097","139000000974@139.com"
"31934013880723","陈七五","139000000975","CITY_MDJ","230100202601060097","139000000975@139.com"
"31934013880724","陈七六","139000000976","CITY_DQ","230100202601070097","139000000976@139.com"
"31934013880725","陈七七","139000000977","CITY_HRB","230100202601080097","139000000977@139.com"
"31934013880726","陈七八","139000000978","CITY_HRB","230100202601090097","139000000978@139.com"
"31934013880727","陈七九","139000000979","CITY_HH","230100202601100097","139000000979@139.com"
"31934013880721","陈八零","139000000980","CITY_JMS","230100202601010098","139000000980@139.com"
"31934013880722","陈八一","139000000981","CITY_HRB","230100202601020098","139000000981@139.com"
"31934013880723","陈八二","139000000982","CITY_DQ","230100202601030098","139000000982@139.com"
"31934013880724","陈八三","139000000983","CITY_QTH","230100202601040098","139000000983@139.com"
"31934013880725","陈八四","139000000984","CITY_SH","230100202601050098","139000000984@139.com"
"31934013880726","陈八五","139000000985","CITY_HRB","230100202601060098","139000000985@139.com"
"31934013880727","陈八六","139000000986","CITY_JX","230100202601070098","139000000986@139.com"
"31934013880721","陈八七","139000000987","CITY_HRB","230100202601080098","139000000987@139.com"
"31934013880722","陈八八","139000000988","CITY_HRB","230100202601090098","139000000988@139.com"
"31934013880723","陈八九","139000000989","CITY_HRB","230100202601100098","139000000989@139.com"
"31934013880724","陈九零","139000000990","CITY_QQHR","230100202601010099","139000000990@139.com"
"31934013880725","陈九一","139000000991","CITY_HRB","230100202601020099","139000000991@139.com"
"31934013880726","陈九二","139000000992","CITY_HRB","230100202601030099","139000000992@139.com"
"31934013880727","陈九三","139000000993","CITY_HRB","230100202601040099","139000000993@139.com"
"31934013880721","陈九四","139000000994","CITY_SH","230100202601050099","139000000994@139.com"
"31934013880722","陈九五","139000000995","CITY_HRB","230100202601060099","139000000995@139.com"
"31934013880723","陈九六","139000000996","CITY_HH","230100202601070099","139000000996@139.com"
"31934013880724","陈九七","139000000997","CITY_DQ","230100202601080099","139000000997@139.com"
"31934013880725","陈九八","139000000998","CITY_HRB","230100202601090099","139000000998@139.com"
"31934013880726","陈九九","139000000999","CITY_HRB","230100202601100099","139000000999@139.com"
"31934013880722","周三五","139000000435","CITY_HRB","230100202601060043","139000000435@139.com"
"31934013880723","周三六","139000000436","CITY_QQHR","230100202601070043","139000000436@139.com"
"31934013880724","周三七","139000000437","CITY_HRB","230100202601080043","139000000437@139.com"
"31934013880725","周三八","139000000438","CITY_JMS","230100202601090043","139000000438@139.com"
"31934013880726","周三九","139000000439","CITY_JMS","230100202601100043","139000000439@139.com"
"31934013880727","周四零","139000000440","CITY_QQHR","230100202601010044","139000000440@139.com"
"31934013880721","周四一","139000000441","CITY_HRB","230100202601020044","139000000441@139.com"
"31934013880722","周四二","139000000442","CITY_HH","230100202601030044","139000000442@139.com"
"31934013880723","周四三","139000000443","CITY_YC","230100202601040044","139000000443@139.com"
"31934013880724","周四四","139000000444","CITY_HRB","230100202601050044","139000000444@139.com"
"31934013880725","周四五","139000000445","CITY_HG","230100202601060044","139000000445@139.com"
"31934013880726","周四六","139000000446","CITY_JMS","230100202601070044","139000000446@139.com"
"31934013880727","周四七","139000000447","CITY_DQ","230100202601080044","139000000447@139.com"
"31934013880721","周四八","139000000448","CITY_SYS","230100202601090044","139000000448@139.com"
"31934013880722","周四九","139000000449","CITY_JX","230100202601100044","139000000449@139.com"
"31934013880723","周五零","139000000450","CITY_JMS","230100202601010045","139000000450@139.com"
"31934013880724","周五一","139000000451","CITY_HRB","230100202601020045","139000000451@139.com"
"31934013880725","周五二","139000000452","CITY_HH","230100202601030045","139000000452@139.com"
"31934013880726","周五三","139000000453","CITY_HRB","230100202601040045","139000000453@139.com"
"31934013880727","周五四","139000000454","CITY_SH","230100202601050045","139000000454@139.com"
"31934013880721","周五五","139000000455","CITY_QQHR","230100202601060045","139000000455@139.com"
"31934013880722","周五六","139000000456","CITY_QQHR","230100202601070045","139000000456@139.com"
"31934013880723","周五七","139000000457","CITY_HRB","230100202601080045","139000000457@139.com"
"31934013880724","周五八","139000000458","CITY_HRB","230100202601090045","139000000458@139.com"
"31934013880725","周五九","139000000459","CITY_HH","230100202601100045","139000000459@139.com"
"31934013880726","周六零","139000000460","CITY_HRB29","230100202601010046","139000000460@139.com"
"31934013880727","周六一","139000000461","CITY_HRB","230100202601020046","139000000461@139.com"
"31934013880721","周六二","139000000462","CITY_SH","230100202601030046","139000000462@139.com"
"31934013880722","周六三","139000000463","CITY_QQHR","230100202601040046","139000000463@139.com"
"31934013880723","周六四","139000000464","CITY_SH","230100202601050046","139000000464@139.com"
"31934013880724","周六五","139000000465","CITY_HRB","230100202601060046","139000000465@139.com"
"31934013880725","周六六","139000000466","CITY_HRB","230100202601070046","139000000466@139.com"
"31934013880726","周六七","139000000467","CITY_QQHR","230100202601080046","139000000467@139.com"
"31934013880727","周六八","139000000468","CITY_SH","230100202601090046","139000000468@139.com"
"31934013880721","周六九","139000000469","CITY_QQHR","230100202601100046","139000000469@139.com"
"31934013880722","周七零","139000000470","CITY_YC","230100202601010047","139000000470@139.com"
"31934013880723","周七一","139000000471","CITY_MDJ","230100202601020047","139000000471@139.com"
"31934013880724","周七二","139000000472","CITY_MDJ","230100202601030047","139000000472@139.com"
"31934013880725","周七三","139000000473","CITY_JMS","230100202601040047","139000000473@139.com"
"31934013880726","周七四","139000000474","CITY_JX","230100202601050047","139000000474@139.com"
"31934013880727","周七五","139000000475","CITY_HRB","230100202601060047","139000000475@139.com"
"31934013880721","周七六","139000000476","CITY_HRB","230100202601070047","139000000476@139.com"
"31934013880722","周七七","139000000477","CITY_MDJ","230100202601080047","139000000477@139.com"
"31934013880723","周七八","139000000478","CITY_DQ","230100202601090047","139000000478@139.com"
"31934013880724","周七九","139000000479","CITY_HRB","230100202601100047","139000000479@139.com"
"31934013880725","周八零","139000000480","CITY_HRB","230100202601010048","139000000480@139.com"
"31934013880726","周八一","139000000481","CITY_SH","230100202601020048","139000000481@139.com"
"31934013880727","周八二","139000000482","CITY_HRB","230100202601030048","139000000482@139.com"
"31934013880721","周八三","139000000483","CITY_SYS","230100202601040048","139000000483@139.com"
"31934013880722","周八四","139000000484","CITY_HRB","230100202601050048","139000000484@139.com"
"31934013880723","周八五","139000000485","CITY_JX","230100202601060048","139000000485@139.com"
"31934013880724","周八六","139000000486","CITY_HRB","230100202601070048","139000000486@139.com"
"31934013880725","周八七","139000000487","CITY_MDJ","230100202601080048","139000000487@139.com"
"31934013880726","周八八","139000000488","CITY_HG","230100202601090048","139000000488@139.com"
"31934013880727","周八九","139000000489","CITY_HRB","230100202601100048","139000000489@139.com"
"31934013880721","周九零","139000000490","CITY_HG","230100202601010049","139000000490@139.com"
"31934013880722","周九一","139000000491","CITY_JX","230100202601020049","139000000491@139.com"
"31934013880723","周九二","139000000492","CITY_JMS","230100202601030049","139000000492@139.com"
"31934013880724","周九三","139000000493","CITY_HRB","230100202601040049","139000000493@139.com"
"31934013880725","周九四","139000000494","CITY_JX","230100202601050049","139000000494@139.com"
"31934013880726","周九五","139000000495","CITY_QQHR","230100202601060049","139000000495@139.com"
"31934013880727","周九六","139000000496","CITY_JMS","230100202601070049","139000000496@139.com"
"31934013880721","周九七","139000000497","CITY_YC","230100202601080049","139000000497@139.com"
"31934013880722","周九八","139000000498","CITY_DQ","230100202601090049","139000000498@139.com"
"31934013880723","周九九","139000000499","CITY_HRB","230100202601100049","139000000499@139.com"
"31934013880724","吴零零","139000000500","CITY_HRB","230100202601010050","139000000500@139.com"
"31934013880725","吴零一","139000000501","CITY_HG","230100202601020050","139000000501@139.com"
"31934013880726","吴零二","139000000502","CITY_YC","230100202601030050","139000000502@139.com"
"31934013880727","吴零三","139000000503","CITY_JMS","230100202601040050","139000000503@139.com"
"31934013880721","吴零四","139000000504","CITY_HRB","230100202601050050","139000000504@139.com"
"31934013880722","吴零五","139000000505","CITY_JX","230100202601060050","139000000505@139.com"
"31934013880723","吴零六","139000000506","CITY_JMS","230100202601070050","139000000506@139.com"
"31934013880724","吴零七","139000000507","CITY_HRB","230100202601080050","139000000507@139.com"
"31934013880725","吴零八","139000000508","CITY_HRB","230100202601090050","139000000508@139.com"
"31934013880726","吴零九","139000000509","CITY_HRB","230100202601100050","139000000509@139.com"
"31934013880727","吴一零","139000000510","CITY_HRB","230100202601010051","139000000510@139.com"
"31934013880721","吴一一","139000000511","CITY_HRB","230100202601020051","139000000511@139.com"
"31934013880722","吴一二","139000000512","CITY_HRB","230100202601030051","139000000512@139.com"
"31934013880723","吴一三","139000000513","CITY_HRB","230100202601040051","139000000513@139.com"
"31934013880724","吴一四","139000000514","CITY_HG","230100202601050051","139000000514@139.com"
"31934013880725","吴一五","139000000515","CITY_HRB","230100202601060051","139000000515@139.com"
"31934013880726","吴一六","139000000516","CITY_SH","230100202601070051","139000000516@139.com"
"31934013880727","吴一七","139000000517","CITY_JMS","230100202601080051","139000000517@139.com"
"31934013880721","吴一八","139000000518","CITY_HH","230100202601090051","139000000518@139.com"
"31934013880722","吴一九","139000000519","CITY_QQHR","230100202601100051","139000000519@139.com"
"31934013880723","吴二零","139000000520","CITY_HRB","230100202601010052","139000000520@139.com"
"31934013880724","吴二一","139000000521","CITY_HRB","230100202601020052","139000000521@139.com"
"31934013880725","吴二二","139000000522","CITY_DQ","230100202601030052","139000000522@139.com"
"31934013880726","吴二三","139000000523","CITY_JX","230100202601040052","139000000523@139.com"
"31934013880727","吴二四","139000000524","CITY_QQHR","230100202601050052","139000000524@139.com"
"31934013880721","吴二五","139000000525","CITY_HRB","230100202601060052","139000000525@139.com"
"31934013880722","吴二六","139000000526","CITY_QQHR","230100202601070052","139000000526@139.com"
"31934013880723","吴二七","139000000527","CITY_HRB","230100202601080052","139000000527@139.com"
"31934013880724","吴二八","139000000528","CITY_HRB","230100202601090052","139000000528@139.com"
"31934013880725","吴二九","139000000529","CITY_HRB","230100202601100052","139000000529@139.com"
"31934013880726","吴三零","139000000530","CITY_HRB","230100202601010053","139000000530@139.com"
"31934013880727","吴三一","139000000531","CITY_JX","230100202601020053","139000000531@139.com"
"31934013880721","吴三二","139000000532","CITY_QQHR","230100202601030053","139000000532@139.com"
"31934013880722","吴三三","139000000533","CITY_HH","230100202601040053","139000000533@139.com"
"31934013880723","吴三四","139000000534","CITY_HRB","230100202601050053","139000000534@139.com"
"31934013880724","吴三五","139000000535","CITY_MDJ","230100202601060053","139000000535@139.com"
"31934013880725","吴三六","139000000536","CITY_HRB","230100202601070053","139000000536@139.com"
"31934013880726","吴三七","139000000537","CITY_QQHR","230100202601080053","139000000537@139.com"
"31934013880727","吴三八","139000000538","CITY_QTH","230100202601090053","139000000538@139.com"
"31934013880721","吴三九","139000000539","CITY_HH","230100202601100053","139000000539@139.com"
"31934013880722","吴四零","139000000540","CITY_JX","230100202601010054","139000000540@139.com"
"31934013880723","吴四一","139000000541","CITY_SH","230100202601020054","139000000541@139.com"
"31934013880724","吴四二","139000000542","CITY_HRB","230100202601030054","139000000542@139.com"
"31934013880725","吴四三","139000000543","CITY_JX","230100202601040054","139000000543@139.com"
"31934013880726","吴四四","139000000544","CITY_QTH","230100202601050054","139000000544@139.com"
"31934013880727","吴四五","139000000545","CITY_JX","230100202601060054","139000000545@139.com"
"31934013880721","吴四六","139000000546","CITY_QTH","230100202601070054","139000000546@139.com"
"31934013880722","吴四七","139000000547","CITY_SH","230100202601080054","139000000547@139.com"
"31934013880723","吴四八","139000000548","CITY_MDJ","230100202601090054","139000000548@139.com"
"31934013880724","吴四九","139000000549","CITY_HRB","230100202601100054","139000000549@139.com"
"31934013880725","吴五零","139000000550","CITY_SH","230100202601010055","139000000550@139.com"
"31934013880726","吴五一","139000000551","CITY_QQHR","230100202601020055","139000000551@139.com"
"31934013880727","吴五二","139000000552","CITY_HRB","230100202601030055","139000000552@139.com"
"31934013880721","吴五三","139000000553","CITY_SH","230100202601040055","139000000553@139.com"
"31934013880722","吴五四","139000000554","CITY_QQHR","230100202601050055","139000000554@139.com"
"31934013880723","吴五五","139000000555","CITY_HRB","230100202601060055","139000000555@139.com"
"31934013880724","吴五六","139000000556","CITY_HRB","230100202601070055","139000000556@139.com"
"31934013880725","吴五七","139000000557","CITY_DQ","230100202601080055","139000000557@139.com"
"31934013880726","吴五八","139000000558","CITY_JMS","230100202601090055","139000000558@139.com"
"31934013880727","吴五九","139000000559","CITY_YC","230100202601100055","139000000559@139.com"
"31934013880721","吴六零","139000000560","CITY_DQ","230100202601010056","139000000560@139.com"
"31934013880722","吴六一","139000000561","CITY_HRB","230100202601020056","139000000561@139.com"
"31934013880723","吴六二","139000000562","CITY_QTH","230100202601030056","139000000562@139.com"
"31934013880724","吴六三","139000000563","CITY_QQHR","230100202601040056","139000000563@139.com"
"31934013880725","吴六四","139000000564","CITY_HRB","230100202601050056","139000000564@139.com"
"31934013880726","吴六五","139000000565","CITY_YC","230100202601060056","139000000565@139.com"
"31934013880727","吴六六","139000000566","CITY_HRB","230100202601070056","139000000566@139.com"
"31934013880721","吴六七","139000000567","CITY_QTH","230100202601080056","139000000567@139.com"
"31934013880722","吴六八","139000000568","CITY_HRB","230100202601090056","139000000568@139.com"
"31934013880723","吴六九","139000000569","CITY_HRB","230100202601100056","139000000569@139.com"
"31934013880724","吴七零","139000000570","CITY_YC","230100202601010057","139000000570@139.com"
"31934013880725","吴七一","139000000571","CITY_YC","230100202601020057","139000000571@139.com"
"31934013880726","吴七二","139000000572","CITY_HRB","230100202601030057","139000000572@139.com"
"31934013880727","吴七三","139000000573","CITY_HRB29","230100202601040057","139000000573@139.com"
"31934013880721","吴七四","139000000574","CITY_HRB","230100202601050057","139000000574@139.com"
"31934013880722","吴七五","139000000575","CITY_QQHR","230100202601060057","139000000575@139.com"
"31934013880723","吴七六","139000000576","CITY_HRB","230100202601070057","139000000576@139.com"
"31934013880724","吴七七","139000000577","CITY_YC","230100202601080057","139000000577@139.com"
"31934013880725","吴七八","139000000578","CITY_HRB","230100202601090057","139000000578@139.com"
"31934013880726","吴七九","139000000579","CITY_JX","230100202601100057","139000000579@139.com"
"31934013880727","吴八零","139000000580","CITY_QQHR","230100202601010058","139000000580@139.com"
"31934013880721","吴八一","139000000581","CITY_QTH","230100202601020058","139000000581@139.com"
"31934013880722","吴八二","139000000582","CITY_HRB","230100202601030058","139000000582@139.com"
"31934013880723","吴八三","139000000583","CITY_HG","230100202601040058","139000000583@139.com"
"31934013880724","吴八四","139000000584","CITY_HRB","230100202601050058","139000000584@139.com"
"31934013880725","吴八五","139000000585","CITY_MDJ","230100202601060058","139000000585@139.com"
"31934013880726","吴八六","139000000586","CITY_HRB","230100202601070058","139000000586@139.com"
"31934013880727","吴八七","139000000587","CITY_QQHR","230100202601080058","139000000587@139.com"
"31934013880721","吴八八","139000000588","CITY_HG","230100202601090058","139000000588@139.com"
"31934013880722","吴八九","139000000589","CITY_HRB","230100202601100058","139000000589@139.com"
"31934013880723","吴九零","139000000590","CITY_SYS","230100202601010059","139000000590@139.com"
"31934013880724","吴九一","139000000591","CITY_JX","230100202601020059","139000000591@139.com"
"31934013880725","吴九二","139000000592","CITY_JMS","230100202601030059","139000000592@139.com"
"31934013880726","吴九三","139000000593","CITY_QQHR","230100202601040059","139000000593@139.com"
"31934013880727","吴九四","139000000594","CITY_JX","230100202601050059","139000000594@139.com"
"31934013880721","吴九五","139000000595","CITY_QQHR","230100202601060059","139000000595@139.com"
"31934013880722","吴九六","139000000596","CITY_HRB29","230100202601070059","139000000596@139.com"
"31934013880723","吴九七","139000000597","CITY_DQ","230100202601080059","139000000597@139.com"
"31934013880724","吴九八","139000000598","CITY_DQ","230100202601090059","139000000598@139.com"
"31934013880725","吴九九","139000000599","CITY_HRB","230100202601100059","139000000599@139.com"
"31934013880726","郑零零","139000000600","CITY_HRB","230100202601010060","139000000600@139.com"
"31934013880727","郑零一","139000000601","CITY_HRB","230100202601020060","139000000601@139.com"
"31934013880721","郑零二","139000000602","CITY_HRB","230100202601030060","139000000602@139.com"
"31934013880722","郑零三","139000000603","CITY_HRB","230100202601040060","139000000603@139.com"
"31934013880723","郑零四","139000000604","CITY_HRB","230100202601050060","139000000604@139.com"
"31934013880724","郑零五","139000000605","CITY_SYS","230100202601060060","139000000605@139.com"
"31934013880725","郑零六","139000000606","CITY_HRB","230100202601070060","139000000606@139.com"
"31934013880726","郑零七","139000000607","CITY_SH","230100202601080060","139000000607@139.com"
"31934013880727","郑零八","139000000608","CITY_DQ","230100202601090060","139000000608@139.com"
"31934013880721","郑零九","139000000609","CITY_QQHR","230100202601100060","139000000609@139.com"
"31934013880722","郑一零","139000000610","CITY_HRB","230100202601010061","139000000610@139.com"
"31934013880723","郑一一","139000000611","CITY_HRB","230100202601020061","139000000611@139.com"
"31934013880724","郑一二","139000000612","CITY_QTH","230100202601030061","139000000612@139.com"
"31934013880725","郑一三","139000000613","CITY_QQHR","230100202601040061","139000000613@139.com"
"31934013880726","郑一四","139000000614","CITY_DXAL","230100202601050061","139000000614@139.com"
"31934013880727","郑一五","139000000615","CITY_HRB29","230100202601060061","139000000615@139.com"
"31934013880721","郑一六","139000000616","CITY_HRB","230100202601070061","139000000616@139.com"
"31934013880722","郑一七","139000000617","CITY_HRB","230100202601080061","139000000617@139.com"
"31934013880723","郑一八","139000000618","CITY_HRB","230100202601090061","139000000618@139.com"
"31934013880724","郑一九","139000000619","CITY_SH","230100202601100061","139000000619@139.com"
"31934013880725","郑二零","139000000620","CITY_HRB","230100202601010062","139000000620@139.com"
"31934013880726","郑二一","139000000621","CITY_SH","230100202601020062","139000000621@139.com"
"31934013880727","郑二二","139000000622","CITY_HG","230100202601030062","139000000622@139.com"
"31934013880721","郑二三","139000000623","CITY_HRB","230100202601040062","139000000623@139.com"
"31934013880722","郑二四","139000000624","CITY_HRB","230100202601050062","139000000624@139.com"
"31934013880723","郑二五","139000000625","CITY_JMS","230100202601060062","139000000625@139.com"
"31934013880724","郑二六","139000000626","CITY_DQ","230100202601070062","139000000626@139.com"
"31934013880725","郑二七","139000000627","CITY_HH","230100202601080062","139000000627@139.com"
"31934013880726","郑二八","139000000628","CITY_HRB","230100202601090062","139000000628@139.com"
"31934013880727","郑二九","139000000629","CITY_SH","230100202601100062","139000000629@139.com"
"31934013880721","郑三零","139000000630","CITY_DQ","230100202601010063","139000000630@139.com"
"31934013880722","郑三一","139000000631","CITY_MDJ","230100202601020063","139000000631@139.com"
"31934013880723","郑三二","139000000632","CITY_HRB","230100202601030063","139000000632@139.com"
"31934013880724","郑三三","139000000633","CITY_HRB","230100202601040063","139000000633@139.com"
"31934013880725","郑三四","139000000634","CITY_HH","230100202601050063","139000000634@139.com"
"31934013880726","郑三五","139000000635","CITY_HRB","230100202601060063","139000000635@139.com"
"31934013880727","郑三六","139000000636","CITY_HRB","230100202601070063","139000000636@139.com"
"31934013880721","郑三七","139000000637","CITY_HRB","230100202601080063","139000000637@139.com"
"31934013880722","郑三八","139000000638","CITY_QQHR","230100202601090063","139000000638@139.com"
"31934013880723","郑三九","139000000639","CITY_MDJ","230100202601100063","139000000639@139.com"
"31934013880724","郑四零","139000000640","CITY_HRB","230100202601010064","139000000640@139.com"
"31934013880725","郑四一","139000000641","CITY_JMS","230100202601020064","139000000641@139.com"
"31934013880726","郑四二","139000000642","CITY_QQHR","230100202601030064","139000000642@139.com"
"31934013880727","郑四三","139000000643","CITY_QTH","230100202601040064","139000000643@139.com"
"31934013880721","郑四四","139000000644","CITY_MDJ","230100202601050064","139000000644@139.com"
"31934013880722","郑四五","139000000645","CITY_DQ","230100202601060064","139000000645@139.com"
"31934013880723","郑四六","139000000646","CITY_HH","230100202601070064","139000000646@139.com"
"31934013880724","郑四七","139000000647","CITY_HRB","230100202601080064","139000000647@139.com"
"31934013880725","郑四八","139000000648","CITY_SYS","230100202601090064","139000000648@139.com"
"31934013880726","郑四九","139000000649","CITY_MDJ","230100202601100064","139000000649@139.com"
"31934013880727","郑五零","139000000650","CITY_HRB","230100202601010065","139000000650@139.com"
"31934013880721","郑五一","139000000651","CITY_DXAL","230100202601020065","139000000651@139.com"
"31934013880722","郑五二","139000000652","CITY_HRB","230100202601030065","139000000652@139.com"
"31934013880723","郑五三","139000000653","CITY_HRB","230100202601040065","139000000653@139.com"
"31934013880724","郑五四","139000000654","CITY_QQHR","230100202601050065","139000000654@139.com"
"31934013880725","郑五五","139000000655","CITY_QQHR","230100202601060065","139000000655@139.com"
"31934013880726","郑五六","139000000656","CITY_HRB","230100202601070065","139000000656@139.com"
"31934013880727","郑五七","139000000657","CITY_DQ","230100202601080065","139000000657@139.com"
"31934013880721","郑五八","139000000658","CITY_JX","230100202601090065","139000000658@139.com"
"31934013880722","郑五九","139000000659","CITY_YC","230100202601100065","139000000659@139.com"
"31934013880723","郑六零","139000000660","CITY_DQ","230100202601010066","139000000660@139.com"
"31934013880724","郑六一","139000000661","CITY_HRB","230100202601020066","139000000661@139.com"
"31934013880725","郑六二","139000000662","CITY_JMS","230100202601030066","139000000662@139.com"
"31934013880726","郑六三","139000000663","CITY_QQHR","230100202601040066","139000000663@139.com"
"31934013880727","郑六四","139000000664","CITY_MDJ","230100202601050066","139000000664@139.com"
"31934013880721","郑六五","139000000665","CITY_HRB","230100202601060066","139000000665@139.com"
"31934013880722","郑六六","139000000666","CITY_WS","230100202601070066","139000000666@139.com"
"31934013880723","郑六七","139000000667","CITY_HRB","230100202601080066","139000000667@139.com"
"31934013880724","郑六八","139000000668","CITY_QQHR","230100202601090066","139000000668@139.com"
"31934013880725","郑六九","139000000669","CITY_HRB","230100202601100066","139000000669@139.com"
"31934013880726","郑七零","139000000670","CITY_HRB","230100202601010067","139000000670@139.com"
"31934013880727","郑七一","139000000671","CITY_JMS","230100202601020067","139000000671@139.com"
"31934013880721","郑七二","139000000672","CITY_JMS","230100202601030067","139000000672@139.com"
"31934013880722","郑七三","139000000673","CITY_QQHR","230100202601040067","139000000673@139.com"
"31934013880723","郑七四","139000000674","CITY_HG","230100202601050067","139000000674@139.com"
"31934013880724","郑七五","139000000675","CITY_HRB29","230100202601060067","139000000675@139.com"
"31934013880725","郑七六","139000000676","CITY_QTH","230100202601070067","139000000676@139.com"
"31934013880726","郑七七","139000000677","CITY_HRB","230100202601080067","139000000677@139.com"
"31934013880727","郑七八","139000000678","CITY_DQ","230100202601090067","139000000678@139.com"
"31934013880721","郑七九","139000000679","CITY_QQHR","230100202601100067","139000000679@139.com"
"31934013880722","郑八零","139000000680","CITY_QQHR","230100202601010068","139000000680@139.com"
"31934013880723","郑八一","139000000681","CITY_HRB","230100202601020068","139000000681@139.com"
"31934013880724","郑八二","139000000682","CITY_HRB","230100202601030068","139000000682@139.com"
"31934013880725","郑八三","139000000683","CITY_HRB","230100202601040068","139000000683@139.com"
"31934013880726","郑八四","139000000684","CITY_QQHR","230100202601050068","139000000684@139.com"
"31934013880727","郑八五","139000000685","CITY_JMS","230100202601060068","139000000685@139.com"
"31934013880721","郑八六","139000000686","CITY_HG","230100202601070068","139000000686@139.com"
"31934013880722","郑八七","139000000687","CITY_HRB","230100202601080068","139000000687@139.com"
"31934013880723","郑八八","139000000688","CITY_JMS","230100202601090068","139000000688@139.com"
"31934013880724","郑八九","139000000689","CITY_SH","230100202601100068","139000000689@139.com"
"31934013880725","郑九零","139000000690","CITY_YC","230100202601010069","139000000690@139.com"
"31934013880726","郑九一","139000000691","CITY_HRB","230100202601020069","139000000691@139.com"
"31934013880727","郑九二","139000000692","CITY_QTH","230100202601030069","139000000692@139.com"
"31934013880721","郑九三","139000000693","CITY_HRB","230100202601040069","139000000693@139.com"
"31934013880722","郑九四","139000000694","CITY_HRB","230100202601050069","139000000694@139.com"
"31934013880723","郑九五","139000000695","CITY_DQ","230100202601060069","139000000695@139.com"
"31934013880724","郑九六","139000000696","CITY_HRB","230100202601070069","139000000696@139.com"
"31934013880725","郑九七","139000000697","CITY_HRB","230100202601080069","139000000697@139.com"
"31934013880726","郑九八","139000000698","CITY_SH","230100202601090069","139000000698@139.com"
"31934013880727","郑九九","139000000699","CITY_HRB","230100202601100069","139000000699@139.com"
"31934013880721","王零零","139000000700","CITY_MDJ","230100202601010070","139000000700@139.com"
"31934013880722","王零一","139000000701","CITY_DQ","230100202601020070","139000000701@139.com"
"31934013880723","王零二","139000000702","CITY_YC","230100202601030070","139000000702@139.com"
"31934013880724","王零三","139000000703","CITY_HRB","230100202601040070","139000000703@139.com"
"31934013880725","王零四","139000000704","CITY_SH","230100202601050070","139000000704@139.com"
"31934013880726","王零五","139000000705","CITY_HRB","230100202601060070","139000000705@139.com"
"31934013880727","王零六","139000000706","CITY_JMS","230100202601070070","139000000706@139.com"
"31934013880721","王零七","139000000707","CITY_QQHR","230100202601080070","139000000707@139.com"
"31934013880722","王零八","139000000708","CITY_HG","230100202601090070","139000000708@139.com"
"31934013880723","王零九","139000000709","CITY_JMS","230100202601100070","139000000709@139.com"
"31934013880724","王一零","139000000710","CITY_JX","230100202601010071","139000000710@139.com"
"31934013880725","王一一","139000000711","CITY_HH","230100202601020071","139000000711@139.com"
"31934013880726","王一二","139000000712","CITY_JMS","230100202601030071","139000000712@139.com"
"31934013880727","王一三","139000000713","CITY_DXAL","230100202601040071","139000000713@139.com"
"31934013880721","王一四","139000000714","CITY_SH","230100202601050071","139000000714@139.com"
"31934013880722","王一五","139000000715","CITY_HRB","230100202601060071","139000000715@139.com"
"31934013880723","王一六","139000000716","CITY_SYS","230100202601070071","139000000716@139.com"
"31934013880724","王一七","139000000717","CITY_HRB","230100202601080071","139000000717@139.com"
"31934013880725","王一八","139000000718","CITY_HRB","230100202601090071","139000000718@139.com"
"31934013880726","王一九","139000000719","CITY_SH","230100202601100071","139000000719@139.com"
"31934013880727","王二零","139000000720","CITY_HRB","230100202601010072","139000000720@139.com"
"31934013880721","王二一","139000000721","CITY_HRB","230100202601020072","139000000721@139.com"
"31934013880722","王二二","139000000722","CITY_QQHR","230100202601030072","139000000722@139.com"
"31934013880723","王二三","139000000723","CITY_HRB","230100202601040072","139000000723@139.com"
"31934013880724","王二四","139000000724","CITY_HRB","230100202601050072","139000000724@139.com"
"31934013880725","王二五","139000000725","CITY_JMS","230100202601060072","139000000725@139.com"
"31934013880726","王二六","139000000726","CITY_JX","230100202601070072","139000000726@139.com"
"31934013880727","王二七","139000000727","CITY_HRB","230100202601080072","139000000727@139.com"
"31934013880721","王二八","139000000728","CITY_JMS","230100202601090072","139000000728@139.com"
"31934013880722","王二九","139000000729","CITY_JX","230100202601100072","139000000729@139.com"
"31934013880723","王三零","139000000730","CITY_HRB","230100202601010073","139000000730@139.com"
"31934013880724","王三一","139000000731","CITY_HRB","230100202601020073","139000000731@139.com"
"31934013880725","王三二","139000000732","CITY_JMS","230100202601030073","139000000732@139.com"
"31934013880726","王三三","139000000733","CITY_JMS","230100202601040073","139000000733@139.com"
"31934013880727","王三四","139000000734","CITY_JX","230100202601050073","139000000734@139.com"
"31934013880721","王三五","139000000735","CITY_HRB","230100202601060073","139000000735@139.com"
"31934013880722","王三六","139000000736","CITY_HRB","230100202601070073","139000000736@139.com"
"31934013880723","王三七","139000000737","CITY_YC","230100202601080073","139000000737@139.com"
"31934013880724","王三八","139000000738","CITY_JMS","230100202601090073","139000000738@139.com"
"31934013880725","王三九","139000000739","CITY_JMS","230100202601100073","139000000739@139.com"
"31934013880726","王四零","139000000740","CITY_HH","230100202601010074","139000000740@139.com"
"31934013880727","王四一","139000000741","CITY_HRB","230100202601020074","139000000741@139.com"
"31934013880721","王四二","139000000742","CITY_DQ","230100202601030074","139000000742@139.com"
"31934013880722","王四三","139000000743","CITY_QQHR","230100202601040074","139000000743@139.com"
"31934013880723","王四四","139000000744","CITY_QQHR","230100202601050074","139000000744@139.com"
"31934013880724","王四五","139000000745","CITY_JX","230100202601060074","139000000745@139.com"
"31934013880725","王四六","139000000746","CITY_DQ","230100202601070074","139000000746@139.com"
"31934013880726","王四七","139000000747","CITY_DXAL","230100202601080074","139000000747@139.com"
"31934013880727","王四八","139000000748","CITY_HRB","230100202601090074","139000000748@139.com"
"31934013880721","王四九","139000000749","CITY_DQ","230100202601100074","139000000749@139.com"
"31934013880722","王五零","139000000750","CITY_QQHR","230100202601010075","139000000750@139.com"
"31934013880723","王五一","139000000751","CITY_JX","230100202601020075","139000000751@139.com"
"31934013880724","王五二","139000000752","CITY_HRB","230100202601030075","139000000752@139.com"
"31934013880725","王五三","139000000753","CITY_JMS","230100202601040075","139000000753@139.com"
"31934013880726","王五四","139000000754","CITY_MDJ","230100202601050075","139000000754@139.com"
"31934013880727","王五五","139000000755","CITY_JMS","230100202601060075","139000000755@139.com"
"31934013880721","王五六","139000000756","CITY_HRB","230100202601070075","139000000756@139.com"
"31934013880722","王五七","139000000757","CITY_YC","230100202601080075","139000000757@139.com"
"31934013880723","王五八","139000000758","CITY_HRB","230100202601090075","139000000758@139.com"
"31934013880724","王五九","139000000759","CITY_DQ","230100202601100075","139000000759@139.com"
"31934013880725","王六零","139000000760","CITY_MDJ","230100202601010076","139000000760@139.com"
"31934013880726","王六一","139000000761","CITY_MDJ","230100202601020076","139000000761@139.com"
"31934013880727","王六二","139000000762","CITY_WS","230100202601030076","139000000762@139.com"
"31934013880721","王六三","139000000763","CITY_HRB","230100202601040076","139000000763@139.com"
"31934013880722","王六四","139000000764","CITY_HH","230100202601050076","139000000764@139.com"
"31934013880723","王六五","139000000765","CITY_HRB","230100202601060076","139000000765@139.com"
"31934013880724","王六六","139000000766","CITY_HRB","230100202601070076","139000000766@139.com"
"31934013880725","王六七","139000000767","CITY_QQHR","230100202601080076","139000000767@139.com"
"31934013880726","王六八","139000000768","CITY_HRB","230100202601090076","139000000768@139.com"
"31934013880727","王六九","139000000769","CITY_HH","230100202601100076","139000000769@139.com"
"31934013880721","王七零","139000000770","CITY_HRB","230100202601010077","139000000770@139.com"
"31934013880722","王七一","139000000771","CITY_DQ","230100202601020077","139000000771@139.com"
"31934013880723","王七二","139000000772","CITY_QQHR","230100202601030077","139000000772@139.com"
"31934013880724","王七三","139000000773","CITY_HRB","230100202601040077","139000000773@139.com"
"31934013880725","王七四","139000000774","CITY_HRB","230100202601050077","139000000774@139.com"
"31934013880726","王七五","139000000775","CITY_HRB","230100202601060077","139000000775@139.com"
"31934013880727","王七六","139000000776","CITY_SH","230100202601070077","139000000776@139.com"
"31934013880721","王七七","139000000777","CITY_QQHR","230100202601080077","139000000777@139.com"
"31934013880722","王七八","139000000778","CITY_JMS","230100202601090077","139000000778@139.com"
"31934013880723","王七九","139000000779","CITY_MDJ","230100202601100077","139000000779@139.com"
"31934013880724","王八零","139000000780","CITY_HRB","230100202601010078","139000000780@139.com"
"31934013880725","王八一","139000000781","CITY_JMS","230100202601020078","139000000781@139.com"
"31934013880726","王八二","139000000782","CITY_SH","230100202601030078","139000000782@139.com"
"31934013880727","王八三","139000000783","CITY_MDJ","230100202601040078","139000000783@139.com"
"31934013880721","王八四","139000000784","CITY_DQ","230100202601050078","139000000784@139.com"
"31934013880722","王八五","139000000785","CITY_HRB","230100202601060078","139000000785@139.com"
"31934013880723","王八六","139000000786","CITY_JMS","230100202601070078","139000000786@139.com"
"31934013880724","王八七","139000000787","CITY_YC","230100202601080078","139000000787@139.com"
"31934013880725","王八八","139000000788","CITY_HRB","230100202601090078","139000000788@139.com"
"31934013880726","王八九","139000000789","CITY_HRB","230100202601100078","139000000789@139.com"
"31934013880727","王九零","139000000790","CITY_MDJ","230100202601010079","139000000790@139.com"
"31934013880721","王九一","139000000791","CITY_JMS","230100202601020079","139000000791@139.com"
"31934013880722","王九二","139000000792","CITY_JX","230100202601030079","139000000792@139.com"
"31934013880723","王九三","139000000793","CITY_QQHR","230100202601040079","139000000793@139.com"
"31934013880724","王九四","139000000794","CITY_HRB","230100202601050079","139000000794@139.com"
"31934013880725","王九五","139000000795","CITY_QQHR","230100202601060079","139000000795@139.com"
"31934013880726","王九六","139000000796","CITY_HRB","230100202601070079","139000000796@139.com"
"31934013880727","王九七","139000000797","CITY_HRB","230100202601080079","139000000797@139.com"
"31934013880721","王九八","139000000798","CITY_HRB","230100202601090079","139000000798@139.com"
"31934013880722","王九九","139000000799","CITY_HRB","230100202601100079","139000000799@139.com"
"31934013880723","冯零零","139000000800","CITY_HRB","230100202601010080","139000000800@139.com"
"31934013880724","冯零一","139000000801","CITY_HRB","230100202601020080","139000000801@139.com"
"31934013880725","冯零二","139000000802","CITY_MDJ","230100202601030080","139000000802@139.com"
"31934013880726","冯零三","139000000803","CITY_HRB","230100202601040080","139000000803@139.com"
"31934013880727","冯零四","139000000804","CITY_JMS","230100202601050080","139000000804@139.com"
"31934013880721","冯零五","139000000805","CITY_JX","230100202601060080","139000000805@139.com"
"31934013880722","冯零六","139000000806","CITY_HRB","230100202601070080","139000000806@139.com"
"31934013880723","冯零七","139000000807","CITY_SYS","230100202601080080","139000000807@139.com"
"31934013880724","冯零八","139000000808","CITY_HRB","230100202601090080","139000000808@139.com"
"31934013880725","冯零九","139000000809","CITY_SYS","230100202601100080","139000000809@139.com"
"31934013880726","冯一零","139000000810","CITY_HRB","230100202601010081","139000000810@139.com"
"31934013880727","冯一一","139000000811","CITY_HRB","230100202601020081","139000000811@139.com"
"31934013880721","冯一二","139000000812","CITY_HRB","230100202601030081","139000000812@139.com"
"31934013880722","冯一三","139000000813","CITY_HRB","230100202601040081","139000000813@139.com"
"31934013880723","冯一四","139000000814","CITY_JX","230100202601050081","139000000814@139.com"
"31934013880724","冯一五","139000000815","CITY_SYS","230100202601060081","139000000815@139.com"
"31934013880725","冯一六","139000000816","CITY_MDJ","230100202601070081","139000000816@139.com"
"31934013880726","冯一七","139000000817","CITY_HRB","230100202601080081","139000000817@139.com"
"31934013880727","冯一八","139000000818","CITY_JMS","230100202601090081","139000000818@139.com"
"31934013880721","冯一九","139000000819","CITY_HRB","230100202601100081","139000000819@139.com"
"31934013880722","冯二零","139000000820","CITY_DQ","230100202601010082","139000000820@139.com"
"31934013880723","冯二一","139000000821","CITY_HRB","230100202601020082","139000000821@139.com"
"31934013880724","冯二二","139000000822","CITY_YC","230100202601030082","139000000822@139.com"
"31934013880725","冯二三","139000000823","CITY_SH","230100202601040082","139000000823@139.com"
"31934013880726","冯二四","139000000824","CITY_HRB","230100202601050082","139000000824@139.com"
"31934013880727","冯二五","139000000825","CITY_HRB","230100202601060082","139000000825@139.com"
"31934013880721","冯二六","139000000826","CITY_HRB","230100202601070082","139000000826@139.com"
"31934013880722","冯二七","139000000827","CITY_SH","230100202601080082","139000000827@139.com"
"31934013880723","冯二八","139000000828","CITY_DXAL","230100202601090082","139000000828@139.com"
"31934013880724","冯二九","139000000829","CITY_HRB","230100202601100082","139000000829@139.com"
"31934013880725","冯三零","139000000830","CITY_JMS","230100202601010083","139000000830@139.com"
"31934013880726","冯三一","139000000831","CITY_QQHR","230100202601020083","139000000831@139.com"
"31934013880727","冯三二","139000000832","CITY_MDJ","230100202601030083","139000000832@139.com"
"31934013880721","冯三三","139000000833","CITY_DXAL","230100202601040083","139000000833@139.com"
"31934013880722","冯三四","139000000834","CITY_SYS","230100202601050083","139000000834@139.com"
"31934013880723","冯三五","139000000835","CITY_HRB","230100202601060083","139000000835@139.com"
"31934013880724","冯三六","139000000836","CITY_DXAL","230100202601070083","139000000836@139.com"
"31934013880725","冯三七","139000000837","CITY_QQHR","230100202601080083","139000000837@139.com"
"31934013880726","冯三八","139000000838","CITY_QTH","230100202601090083","139000000838@139.com"
"31934013880727","冯三九","139000000839","CITY_HRB","230100202601100083","139000000839@139.com"
"31934013880721","冯四零","139000000840","CITY_DQ","230100202601010084","139000000840@139.com"
"31934013880722","冯四一","139000000841","CITY_SYS","230100202601020084","139000000841@139.com"
"31934013880723","冯四二","139000000842","CITY_JMS","230100202601030084","139000000842@139.com"
"31934013880724","冯四三","139000000843","CITY_HRB","230100202601040084","139000000843@139.com"
"31934013880725","冯四四","139000000844","CITY_HRB","230100202601050084","139000000844@139.com"
"31934013880726","冯四五","139000000845","CITY_MDJ","230100202601060084","139000000845@139.com"
"31934013880727","冯四六","139000000846","CITY_DQ","230100202601070084","139000000846@139.com"
"31934013880721","冯四七","139000000847","CITY_HRB","230100202601080084","139000000847@139.com"
"31934013880722","冯四八","139000000848","CITY_JMS","230100202601090084","139000000848@139.com"
"31934013880723","冯四九","139000000849","CITY_HRB","230100202601100084","139000000849@139.com"
"31934013880724","冯五零","139000000850","CITY_HH","230100202601010085","139000000850@139.com"
"31934013880725","冯五一","139000000851","CITY_QTH","230100202601020085","139000000851@139.com"
"31934013880726","冯五二","139000000852","CITY_HRB","230100202601030085","139000000852@139.com"
"31934013880727","冯五三","139000000853","CITY_SH","230100202601040085","139000000853@139.com"
"31934013880721","冯五四","139000000854","CITY_QQHR","230100202601050085","139000000854@139.com"
"31934013880722","冯五五","139000000855","CITY_HRB","230100202601060085","139000000855@139.com"
"31934013880723","冯五六","139000000856","CITY_DQ","230100202601070085","139000000856@139.com"
"31934013880724","冯五七","139000000857","CITY_HRB","230100202601080085","139000000857@139.com"
"31934013880725","冯五八","139000000858","CITY_HG","230100202601090085","139000000858@139.com"
"31934013880726","冯五九","139000000859","CITY_HRB","230100202601100085","139000000859@139.com"
"31934013880727","冯六零","139000000860","CITY_JX","230100202601010086","139000000860@139.com"
"31934013880721","冯六一","139000000861","CITY_JX","230100202601020086","139000000861@139.com"
"31934013880722","冯六二","139000000862","CITY_SYS","230100202601030086","139000000862@139.com"
"31934013880723","冯六三","139000000863","CITY_JX","230100202601040086","139000000863@139.com"
"31934013880724","冯六四","139000000864","CITY_HRB","230100202601050086","139000000864@139.com"
"31934013880725","冯六五","139000000865","CITY_YC","230100202601060086","139000000865@139.com"
"31934013880726","冯六六","139000000866","CITY_QQHR","230100202601070086","139000000866@139.com"
"31934013880727","冯六七","139000000867","CITY_JMS","230100202601080086","139000000867@139.com"
"31934013880721","冯六八","139000000868","CITY_DQ","230100202601090086","139000000868@139.com"
"31934013880722","冯六九","139000000869","CITY_JMS","230100202601100086","139000000869@139.com"
"31934013880723","冯七零","139000000870","CITY_HRB","230100202601010087","139000000870@139.com"
"31934013880724","冯七一","139000000871","CITY_HRB","230100202601020087","139000000871@139.com"
"31934013880725","冯七二","139000000872","CITY_SH","230100202601030087","139000000872@139.com"
"31934013880726","冯七三","139000000873","CITY_HRB","230100202601040087","139000000873@139.com"
"31934013880727","冯七四","139000000874","CITY_QQHR","230100202601050087","139000000874@139.com"
"31934013880721","冯七五","139000000875","CITY_DQ","230100202601060087","139000000875@139.com"
"31934013880722","冯七六","139000000876","CITY_QQHR","230100202601070087","139000000876@139.com"
"31934013880723","冯七七","139000000877","CITY_SH","230100202601080087","139000000877@139.com"
"31934013880724","冯七八","139000000878","CITY_SYS","230100202601090087","139000000878@139.com"
"31934013880725","冯七九","139000000879","CITY_JX","230100202601100087","139000000879@139.com"
"31934013880726","冯八零","139000000880","CITY_HRB","230100202601010088","139000000880@139.com"
"31934013880727","冯八一","139000000881","CITY_HRB","230100202601020088","139000000881@139.com"
"31934013880721","冯八二","139000000882","CITY_SYS","230100202601030088","139000000882@139.com"
"31934013880722","冯八三","139000000883","CITY_HRB","230100202601040088","139000000883@139.com"
"31934013880723","冯八四","139000000884","CITY_QQHR","230100202601050088","139000000884@139.com"
"31934013880724","冯八五","139000000885","CITY_HRB","230100202601060088","139000000885@139.com"
"31934013880725","冯八六","139000000886","CITY_HH","230100202601070088","139000000886@139.com"
"31934013880726","冯八七","139000000887","CITY_DQ","230100202601080088","139000000887@139.com"
"31934013880727","冯八八","139000000888","CITY_HRB","230100202601090088","139000000888@139.com"
"31934013880721","冯八九","139000000889","CITY_JMS","230100202601100088","139000000889@139.com"
"31934013880722","冯九零","139000000890","CITY_DQ","230100202601010089","139000000890@139.com"
"31934013880723","冯九一","139000000891","CITY_HRB","230100202601020089","139000000891@139.com"
"31934013880724","冯九二","139000000892","CITY_SYS","230100202601030089","139000000892@139.com"
"31934013880725","冯九三","139000000893","CITY_YC","230100202601040089","139000000893@139.com"
"31934013880726","冯九四","139000000894","CITY_HG","230100202601050089","139000000894@139.com"
"31934013880727","冯九五","139000000895","CITY_HRB","230100202601060089","139000000895@139.com"
"31934013880721","冯九六","139000000896","CITY_HRB","230100202601070089","139000000896@139.com"
"31934013880722","冯九七","139000000897","CITY_HRB","230100202601080089","139000000897@139.com"
"31934013880723","冯九八","139000000898","CITY_HRB","230100202601090089","139000000898@139.com"
"31934013880724","冯九九","139000000899","CITY_HRB","230100202601100089","139000000899@139.com"
"31934013880725","陈零零","139000000900","CITY_HRB","230100202601010090","139000000900@139.com"
"31934013880726","陈零一","139000000901","CITY_HRB","230100202601020090","139000000901@139.com"
"31934013880727","陈零二","139000000902","CITY_SH","230100202601030090","139000000902@139.com"
"31934013880721","陈零三","139000000903","CITY_HRB","230100202601040090","139000000903@139.com"
"31934013880722","陈零四","139000000904","CITY_SYS","230100202601050090","139000000904@139.com"
"31934013880723","陈零五","139000000905","CITY_DQ","230100202601060090","139000000905@139.com"
"31934013880724","陈零六","139000000906","CITY_QTH","230100202601070090","139000000906@139.com"
"31934013880725","陈零七","139000000907","CITY_HRB","230100202601080090","139000000907@139.com"
"31934013880726","陈零八","139000000908","CITY_HRB","230100202601090090","139000000908@139.com"
"31934013880727","陈零九","139000000909","CITY_HRB","230100202601100090","139000000909@139.com"
"31934013880721","陈一零","139000000910","CITY_QQHR","230100202601010091","139000000910@139.com"
"31934013880722","陈一一","139000000911","CITY_SH","230100202601020091","139000000911@139.com"
"31934013880723","陈一二","139000000912","CITY_DXAL","230100202601030091","139000000912@139.com"
"31934013880724","陈一三","139000000913","CITY_QQHR","230100202601040091","139000000913@139.com"
"31934013880725","陈一四","139000000914","CITY_HRB","230100202601050091","139000000914@139.com"
"31934013880726","陈一五","139000000915","CITY_QQHR","230100202601060091","139000000915@139.com"
"31934013880727","陈一六","139000000916","CITY_JMS","230100202601070091","139000000916@139.com"
"31934013880721","陈一七","139000000917","CITY_HRB","230100202601080091","139000000917@139.com"
"31934013880722","陈一八","139000000918","CITY_HH","230100202601090091","139000000918@139.com"
"31934013880723","陈一九","139000000919","CITY_SH","230100202601100091","139000000919@139.com"
"31934013880724","陈二零","139000000920","CITY_JMS","230100202601010092","139000000920@139.com"
"31934013880725","陈二一","139000000921","CITY_HRB","230100202601020092","139000000921@139.com"
"31934013880726","陈二二","139000000922","CITY_HRB","230100202601030092","139000000922@139.com"
"31934013880727","陈二三","139000000923","CITY_HRB","230100202601040092","139000000923@139.com"
"31934013880721","陈二四","139000000924","CITY_HRB","230100202601050092","139000000924@139.com"
"31934013880722","陈二五","139000000925","CITY_HRB","230100202601060092","139000000925@139.com"
"31934013880723","陈二六","139000000926","CITY_QQHR","230100202601070092","139000000926@139.com"
"31934013880724","陈二七","139000000927","CITY_DQ","230100202601080092","139000000927@139.com"
"31934013880725","陈二八","139000000928","CITY_HRB","230100202601090092","139000000928@139.com"
"31934013880726","陈二九","139000000929","CITY_HRB","230100202601100092","139000000929@139.com"
"31934013880727","陈三零","139000000930","CITY_HH","230100202601010093","139000000930@139.com"
"31934013880721","陈三一","139000000931","CITY_JX","230100202601020093","139000000931@139.com"
"31934013880722","陈三二","139000000932","CITY_QTH","230100202601030093","139000000932@139.com"
"31934013880723","陈三三","139000000933","CITY_DQ","230100202601040093","139000000933@139.com"
"31934013880724","陈三四","139000000934","CITY_HRB","230100202601050093","139000000934@139.com"
"31934013880725","陈三五","139000000935","CITY_HRB","230100202601060093","139000000935@139.com"
"31934013880726","陈三六","139000000936","CITY_QQHR","230100202601070093","139000000936@139.com"
"31934013880727","陈三七","139000000937","CITY_HRB","230100202601080093","139000000937@139.com"
"31934013880721","陈三八","139000000938","CITY_QQHR","230100202601090093","139000000938@139.com"
"31934013880722","陈三九","139000000939","CITY_SH","230100202601100093","139000000939@139.com"
"31934013880723","陈四零","139000000940","CITY_HRB","230100202601010094","139000000940@139.com"
"31934013880724","陈四一","139000000941","CITY_JX","230100202601020094","139000000941@139.com"
"31934013880725","陈四二","139000000942","CITY_HRB","230100202601030094","139000000942@139.com"
"31934013880726","陈四三","139000000943","CITY_HRB","230100202601040094","139000000943@139.com"
"31934013880727","陈四四","139000000944","CITY_HRB","230100202601050094","139000000944@139.com"
"31934013880721","陈四五","139000000945","CITY_MDJ","230100202601060094","139000000945@139.com"
"31934013880722","陈四六","139000000946","CITY_HRB","230100202601070094","139000000946@139.com"
"31934013880723","陈四七","139000000947","CITY_JMS","230100202601080094","139000000947@139.com"
"31934013880724","陈四八","139000000948","CITY_HRB","230100202601090094","139000000948@139.com"
"31934013880725","陈四九","139000000949","CITY_HG","230100202601100094","139000000949@139.com"
"31934013880726","陈五零","139000000950","CITY_HRB","230100202601010095","139000000950@139.com"
"31934013880727","陈五一","139000000951","CITY_SH","230100202601020095","139000000951@139.com"
"31934013880721","陈五二","139000000952","CITY_HRB","230100202601030095","139000000952@139.com"
"31934013880722","陈五三","139000000953","CITY_HRB","230100202601040095","139000000953@139.com"
"31934013880723","陈五四","139000000954","CITY_JX","230100202601050095","139000000954@139.com"
"31934013880724","陈五五","139000000955","CITY_HRB","230100202601060095","139000000955@139.com"
"31934013880725","陈五六","139000000956","CITY_QTH","230100202601070095","139000000956@139.com"
